模型名称,训练集精度,验证集精度,测试集精度,过拟合差值(训练-测试),单样本推理ms,噪声0.1精度,噪声0.3精度,噪声0.5精度
LogisticRegression,0.8758,0.8724,0.8714,0.0044,0.000225,0.8685,0.8353,0.7755
RandomForest,1.0,0.8608,0.8591,0.1409,0.017176,0.8533,0.8214,0.7612
XGBoost(课外拓展),0.9371,0.86,0.8681,0.069,0.002949,0.8628,0.8279,0.7513
